command,execution_time,success
-workload=movielens1 -query_template=template4 -verbose=4,13.051600,True
-workload=movielens1 -query_template=template4 -verbose=4,0.089800,True
-workload=movielens1 -query_template=template4 -verbose=4,0.780886,True
-workload=movielens1 -query_template=template4 -verbose=4,13.190600,True
-workload=movielens1 -query_template=template4 -verbose=4,0.511995,True
-workload=movielens1 -query_template=template4 -verbose=4,0.361525,True
-workload=movielens1 -query_template=template4 -verbose=4,1.088440,True
-workload=movielens1 -query_template=template4 -verbose=4,22.267500,True
-workload=movielens1 -query_template=template4 -verbose=4,7.057610,True
-workload=movielens1 -query_template=template4 -verbose=4,9.318860,True
-workload=movielens1 -query_template=template4 -verbose=4,2.948280,True
-workload=movielens1 -query_template=template4 -verbose=4,0.091955,True
-workload=movielens1 -query_template=template4 -verbose=4,1.397040,True
-workload=movielens1 -query_template=template4 -verbose=4,1.003020,True
-workload=movielens1 -query_template=template4 -verbose=4,0.145791,True
-workload=movielens1 -query_template=template4 -verbose=4,12.142000,True
-workload=movielens1 -query_template=template4 -verbose=4,21.331700,True
-workload=movielens1 -query_template=template4 -verbose=4,10.055900,True
-workload=movielens1 -query_template=template4 -verbose=4,22.570000,True
-workload=movielens1 -query_template=template4 -verbose=4,0.522506,True
-workload=movielens1 -query_template=template4 -verbose=4,25.257300,True
-workload=movielens1 -query_template=template4 -verbose=4,10.653500,True
-workload=movielens1 -query_template=template4 -verbose=4,0.199811,True
-workload=movielens1 -query_template=template4 -verbose=4,22.213400,True
-workload=movielens1 -query_template=template4 -verbose=4,9.327320,True
-workload=movielens1 -query_template=template4 -verbose=4,21.892300,True
-workload=movielens1 -query_template=template4 -verbose=4,0.177227,True
-workload=movielens1 -query_template=template4 -verbose=4,4.590910,True
-workload=movielens1 -query_template=template4 -verbose=4,9.365450,True
-workload=movielens1 -query_template=template4 -verbose=4,24.147900,True
-workload=movielens1 -query_template=template8 -verbose=4,0.285756,True
-workload=movielens1 -query_template=template8 -verbose=4,0.082393,True
-workload=movielens1 -query_template=template8 -verbose=4,0.066623,True
-workload=movielens1 -query_template=template8 -verbose=4,0.134472,True
-workload=movielens1 -query_template=template8 -verbose=4,0.075927,True
-workload=movielens1 -query_template=template8 -verbose=4,0.065494,True
-workload=movielens1 -query_template=template8 -verbose=4,0.250555,True
-workload=movielens1 -query_template=template8 -verbose=4,0.089201,True
-workload=movielens1 -query_template=template8 -verbose=4,0.161188,True
-workload=movielens1 -query_template=template8 -verbose=4,0.098979,True
-workload=movielens1 -query_template=template8 -verbose=4,0.068130,True
-workload=movielens1 -query_template=template8 -verbose=4,0.076220,True
-workload=movielens1 -query_template=template8 -verbose=4,0.063286,True
-workload=movielens1 -query_template=template8 -verbose=4,0.065194,True
-workload=movielens1 -query_template=template8 -verbose=4,0.084614,True
-workload=movielens1 -query_template=template8 -verbose=4,0.246324,True
-workload=movielens1 -query_template=template8 -verbose=4,0.150742,True
-workload=movielens1 -query_template=template8 -verbose=4,0.066276,True
-workload=movielens1 -query_template=template8 -verbose=4,0.077938,True
-workload=movielens1 -query_template=template8 -verbose=4,0.193888,True
-workload=movielens1 -query_template=template8 -verbose=4,0.181572,True
-workload=movielens1 -query_template=template8 -verbose=4,0.071801,True
-workload=movielens1 -query_template=template8 -verbose=4,0.072166,True
-workload=movielens1 -query_template=template8 -verbose=4,0.252556,True
-workload=movielens1 -query_template=template8 -verbose=4,0.271350,True
-workload=movielens1 -query_template=template8 -verbose=4,0.073062,True
-workload=movielens1 -query_template=template8 -verbose=4,0.071598,True
-workload=movielens1 -query_template=template8 -verbose=4,0.270653,True
-workload=movielens1 -query_template=template8 -verbose=4,0.084333,True
-workload=movielens1 -query_template=template8 -verbose=4,0.075954,True
-workload=movielens1 -query_template=template9 -verbose=4,0.270073,True
-workload=movielens1 -query_template=template9 -verbose=4,0.147265,True
-workload=movielens1 -query_template=template9 -verbose=4,0.117016,True
-workload=movielens1 -query_template=template9 -verbose=4,0.099145,True
-workload=movielens1 -query_template=template9 -verbose=4,0.144715,True
-workload=movielens1 -query_template=template9 -verbose=4,0.264901,True
-workload=movielens1 -query_template=template9 -verbose=4,0.104607,True
-workload=movielens1 -query_template=template9 -verbose=4,0.116745,True
-workload=movielens1 -query_template=template9 -verbose=4,0.098339,True
-workload=movielens1 -query_template=template9 -verbose=4,0.113792,True
-workload=movielens1 -query_template=template9 -verbose=4,0.154804,True
-workload=movielens1 -query_template=template9 -verbose=4,0.122921,True
-workload=movielens1 -query_template=template9 -verbose=4,0.265186,True
-workload=movielens1 -query_template=template9 -verbose=4,0.275687,True
-workload=movielens1 -query_template=template9 -verbose=4,0.152890,True
-workload=movielens1 -query_template=template9 -verbose=4,0.130844,True
-workload=movielens1 -query_template=template9 -verbose=4,0.104746,True
-workload=movielens1 -query_template=template9 -verbose=4,0.097848,True
-workload=movielens1 -query_template=template9 -verbose=4,0.127504,True
-workload=movielens1 -query_template=template9 -verbose=4,0.100693,True
-workload=movielens1 -query_template=template9 -verbose=4,1.499310,True
-workload=movielens1 -query_template=template9 -verbose=4,0.264143,True
-workload=movielens1 -query_template=template9 -verbose=4,0.101825,True
-workload=movielens1 -query_template=template9 -verbose=4,0.110887,True
-workload=movielens1 -query_template=template9 -verbose=4,0.098980,True
-workload=movielens1 -query_template=template9 -verbose=4,0.100977,True
-workload=movielens1 -query_template=template9 -verbose=4,0.103649,True
-workload=movielens1 -query_template=template9 -verbose=4,0.282603,True
-workload=movielens1 -query_template=template9 -verbose=4,1.434020,True
-workload=movielens1 -query_template=template9 -verbose=4,1.485230,True
-workload=tpcxai1 -query_template=template5 -verbose=4,10.964200,True
-workload=tpcxai1 -query_template=template5 -verbose=4,11.360100,True
-workload=tpcxai1 -query_template=template5 -verbose=4,11.134900,True
-workload=tpcxai1 -query_template=template5 -verbose=4,11.284600,True
-workload=tpcxai1 -query_template=template5 -verbose=4,6.047950,True
-workload=tpcxai1 -query_template=template5 -verbose=4,11.340100,True
-workload=tpcxai1 -query_template=template5 -verbose=4,11.879800,True
-workload=tpcxai1 -query_template=template5 -verbose=4,11.268700,True
-workload=tpcxai1 -query_template=template5 -verbose=4,11.284600,True
-workload=tpcxai1 -query_template=template5 -verbose=4,10.996800,True
-workload=tpcxai1 -query_template=template5 -verbose=4,11.458500,True
-workload=tpcxai1 -query_template=template5 -verbose=4,11.719200,True
-workload=tpcxai1 -query_template=template5 -verbose=4,11.845400,True
-workload=tpcxai1 -query_template=template5 -verbose=4,11.937600,True
-workload=tpcxai1 -query_template=template5 -verbose=4,11.331300,True
-workload=tpcxai1 -query_template=template5 -verbose=4,11.427000,True
-workload=tpcxai1 -query_template=template5 -verbose=4,11.154600,True
-workload=tpcxai1 -query_template=template5 -verbose=4,11.610300,True
-workload=tpcxai1 -query_template=template5 -verbose=4,11.398700,True
-workload=tpcxai1 -query_template=template5 -verbose=4,11.552900,True
-workload=tpcxai1 -query_template=template5 -verbose=4,11.347000,True
-workload=tpcxai1 -query_template=template5 -verbose=4,11.203700,True
-workload=tpcxai1 -query_template=template5 -verbose=4,11.372700,True
-workload=tpcxai1 -query_template=template5 -verbose=4,11.255500,True
-workload=tpcxai1 -query_template=template5 -verbose=4,11.906600,True
-workload=tpcxai1 -query_template=template5 -verbose=4,11.361600,True
-workload=tpcxai1 -query_template=template5 -verbose=4,5.352640,True
-workload=tpcxai1 -query_template=template5 -verbose=4,11.318600,True
-workload=tpcxai1 -query_template=template5 -verbose=4,11.456900,True
-workload=tpcxai1 -query_template=template5 -verbose=4,11.325100,True
-workload=tpcxai1 -query_template=template10 -verbose=4,0.016155,True
-workload=tpcxai1 -query_template=template10 -verbose=4,0.023874,True
-workload=tpcxai1 -query_template=template10 -verbose=4,0.015868,True
-workload=tpcxai1 -query_template=template10 -verbose=4,0.017566,True
-workload=tpcxai1 -query_template=template10 -verbose=4,0.019742,True
-workload=tpcxai1 -query_template=template10 -verbose=4,0.025142,True
-workload=tpcxai1 -query_template=template10 -verbose=4,0.014581,True
-workload=tpcxai1 -query_template=template10 -verbose=4,0.023400,True
-workload=tpcxai1 -query_template=template10 -verbose=4,0.025599,True
-workload=tpcxai1 -query_template=template10 -verbose=4,0.017729,True
-workload=tpcxai1 -query_template=template10 -verbose=4,0.022509,True
-workload=tpcxai1 -query_template=template10 -verbose=4,0.022215,True
-workload=tpcxai1 -query_template=template10 -verbose=4,0.021947,True
-workload=tpcxai1 -query_template=template10 -verbose=4,0.013427,True
-workload=tpcxai1 -query_template=template10 -verbose=4,0.017242,True
-workload=tpcxai1 -query_template=template10 -verbose=4,0.027913,True
-workload=tpcxai1 -query_template=template10 -verbose=4,0.018433,True
-workload=tpcxai1 -query_template=template10 -verbose=4,0.025173,True
-workload=tpcxai1 -query_template=template10 -verbose=4,0.024340,True
-workload=tpcxai1 -query_template=template10 -verbose=4,0.018318,True
-workload=tpcxai1 -query_template=template10 -verbose=4,0.018847,True
-workload=tpcxai1 -query_template=template10 -verbose=4,0.016931,True
-workload=tpcxai1 -query_template=template10 -verbose=4,0.018322,True
-workload=tpcxai1 -query_template=template10 -verbose=4,0.017178,True
-workload=tpcxai1 -query_template=template10 -verbose=4,0.018066,True
-workload=tpcxai1 -query_template=template10 -verbose=4,0.025260,True
-workload=tpcxai1 -query_template=template10 -verbose=4,0.027756,True
-workload=tpcxai1 -query_template=template10 -verbose=4,0.017085,True
-workload=tpcxai1 -query_template=template10 -verbose=4,0.018544,True
-workload=tpcxai1 -query_template=template10 -verbose=4,0.017675,True
